clean_title,Target,prob_0,prob_1
year nfl sleeper,0,0.10556490886715353,0.8944350911328465
rob gronkowski making trip new england bucs te looking replace lineup,0,0.5549601916799654,0.44503980832003465
redskin fire marty shottenheimer managed turn redskin season around second half make team 8 8 2001,1,0.4001190691500581,0.5998809308499419
deshaun watson ir stash next 4 week,0,0.6948725401325332,0.3051274598674668
cooper kupp underrated 23 whatever,0,0.5804673674474898,0.4195326325525101
cryptic tweet le veon,0,0.5804673674474898,0.4195326325525101
tomlin say roethlisberger hip injury,0,0.7132704926339786,0.2867295073660215
game thread new york jet 1 3 atlanta falcon 1 3,1,0.22228785812397545,0.7777121418760246
geno smith qb seattle,0,0.36194254895485767,0.6380574510451423
start trey lance type determine garappolo's fate spot start till return,1,0.5804673674474898,0.4195326325525101
team best offensive defensive player worst offensive defensive,1,0.38296450562459383,0.6170354943754062
player starting week score least point,0,0.6948725401325332,0.3051274598674668
raider rb peyton barber impressed filling josh jacob diagnosed mild turf toe source say fracture still seeking opinion test sound like week sideline,0,0.7737922554733336,0.22620774452666634
explain like i'm five make nfl coach different college coach,1,0.08567740190815587,0.9143225980918441
game thread game hub redzone week 4,1,0.5520770851741451,0.4479229148258549
highlight michael carter get endzone first nfl touchdown jet first td season,1,0.055648898312152806,0.9443511016878472
highlight zach wilson friendly fire,1,0.08899561828839542,0.9110043817116046
thread 1 urban meyer situation jacksonville reached crisis point especially locker room one player told 'he zero credibility stadium little begin ',0,0.1655490822555109,0.8344509177444891
official add drop mon morning 10 04 2021,0,0.9392252281503245,0.06077477184967552
highlight burrow chase 70 yard td bomb,1,0.053173958087449846,0.9468260419125502
oc nfl average point scored v allowed week 4,1,0.20998610793740047,0.7900138920625995
mo alie cox played 69 percent snap today season turned 3 catch 42 yard two touchdown,0,0.32971478312978386,0.6702852168702161
sam darnold player nfl history 5 rushing 5 passing tds first 4 game season,0,0.08438534109219697,0.915614658907803
player ro valuation reality check,0,0.5804673674474898,0.4195326325525101
crowder v c davis debate,0,0.5804673674474898,0.4195326325525101
ram look different,0,0.5558368408360633,0.44416315916393667
uphold trade 1 player's game started,0,0.42484226024947824,0.5751577397505218
highlight lockett try sell contact,1,0.08899561828839542,0.9110043817116046
official fix team fri morning 10 01 2021,0,0.907177685676808,0.09282231432319202
gronkowski owner worried missing weekend,0,0.7994025328075949,0.20059746719240518
ir stashed week 5,0,0.6948725401325332,0.3051274598674668
schefter let geno cook,1,0.3359125005288657,0.6640874994711343
jamal adam still top 10 safety,1,0.5035784584412417,0.4964215415587583
built free chrome extension let see live fantasy score nfl stream need keep checking fantasy apps let switch stream easily clicking fantasy player hypeshot io,0,0.5657353888840826,0.43426461111591735
bench rondale moore week 3,0,0.6948725401325332,0.3051274598674668
trotter brown lt jedrick will ruled tomorrow charger,1,0.3114841681836006,0.6885158318163994
sick brady belicheck boring game tired watching guy wish step aside retire every medium outlet talked game wayyyy much week give u something new,1,0.3406188351253553,0.6593811648746447
highlight jalen hurt find dallas goedert eagle touchdown,1,0.08899561828839542,0.9110043817116046
49ers rb elijah mitchell listed questionable sunday due shoulder injury sunday v seahawks per source,0,0.8764459107140372,0.12355408928596284
mom woman urban meyer video worried daughter's 'emotional status',1,0.22579900063302127,0.7742009993669787
favorite era nfl,1,0.1495171652349604,0.8504828347650396
2019 2020 first rounder taken step forward taken step back,1,0.5804673674474898,0.4195326325525101
dk metcalf tonight 5 target 5 catch 2 tds 98 yard multiple big play ramsey 5 tds 5 game,0,0.37895016838421347,0.6210498316157865
bronco droppable going forward,0,0.5804673674474898,0.4195326325525101
highlight every lost fumble week 4 set yakety sax,1,0.12470542474228385,0.8752945752577161
sunday night gamethread week 4,0,0.6948725401325332,0.3051274598674668
cimini zach wilson 4th qb throw interception first 5 career game last 10 season joining deshone kizer 2017 zach mettenberger 2014 blake bortles 2014,1,0.13580882759306512,0.8641911724069349
ffnow dangrazianoespn reporting bal den game expects latavius murray lead bal backfield touch today personally i'd avoid whole backfield today possible,0,0.42484226024947824,0.5751577397505218
pft gronk reportedly could miss week fractured rib bucs play three game next 12 day put ir,1,0.7416503067557019,0.25834969324429813
idp know missing something fantasy football life,0,0.7494113702074338,0.25058862979256624
official wdis k te def sun morning 10 10 2021,0,0.9392252281503245,0.06077477184967552
myles gaskin week 5 tb,0,0.6948725401325332,0.3051274598674668
sutton believe,0,0.5804673674474898,0.4195326325525101
rapoport new chief receiver josh gordon impressed already much could activated next week,0,0.30708442153723536,0.6929155784627646
myles garrett go sleeveless one game hit got random drug test morning http co p3i2emhufd,1,0.5404329849310465,0.4595670150689535
school project need see passing yard tds chief since 1970 2020 page like basketballreference find stats,1,0.4146343513992231,0.5853656486007769
nfl coverage map week 4,1,0.20998610793740047,0.7900138920625995
bear hc matt nagy reiterated reporter today andy dalton starter he's healthy,0,0.4829960982445163,0.5170039017554837
ill fated add drop trade far year,0,0.32754411181835763,0.6724558881816424
r wilson owner backup qb confident,0,0.7637378474096612,0.23626215259033884
official wdis rb sat evening 10 02 2021,0,0.9373845930843625,0.06261540691563751
deebo could play key supporting role lance's first start,0,0.5804673674474898,0.4195326325525101
talking chief folk linc backing rapsheet say josh gordon arrived incredible shape guy played almost two year 7 percent body fat 230 pound freakish,0,0.3985843666450213,0.6014156333549787
chase claypool first one family go finish college graduated one prestigious university world bought parent brand new car age 21 age 22 bought family house losing still never heard,1,0.5549601916799654,0.44503980832003465
schefter seahawks qb russell wilson never missed nfl start something could jeopardy finger injury,0,0.1733823603123149,0.8266176396876851
game thread game hub redzone week 5,1,0.5520770851741451,0.4479229148258549
saint signing rb ozigbo jag practice squad,0,0.7678693460410158,0.23213065395898425
curtis samuel back field,0,0.5804673674474898,0.4195326325525101
aiyuk deebo kittle miss time,0,0.5593478335970632,0.44065216640293686
deforest buckner lamar jackson elite qb got treat like running back,1,0.48695858743207276,0.5130414125679272
rapoport seahawks star qb geno smith thrown 9 pass 2018 tonight 9 pass 3 year well rested tonight heroic,1,0.08097010386694792,0.9190298961330521
2 wrs would trade dk metcalf,0,0.5804673674474898,0.4195326325525101
best play regard streaming qbs,0,0.3920306957180284,0.6079693042819716
highlight tyler higbee get td,1,0.15327059022462775,0.8467294097753723
trade value tuesday week 5 return ben baby edition,0,0.6948725401325332,0.3051274598674668
profootball doc 2021 return jeff wilson jr optimistic,0,0.5804673674474898,0.4195326325525101
talk time talk x player post got stop,0,0.5593478335970632,0.44065216640293686
garafolo trade likely cowboy already explored option source say balance $7.2 million base salary season plus $9.2 million injury guarantee next year latter part huge reason team moving right,1,0.5993427903603924,0.4006572096396076
highlight chase 70 yard bomb burrow,1,0.053173958087449846,0.9468260419125502
meirov storyline today besides brady belichick andy reid return philly kevin stefanski return minnesota roethlisberger v rodgers first time since super bowl xlv 2011 saint first home game since hurricane ida undefeated ram v undefeated cardinal,1,0.11769121841552688,0.8823087815844731
water cooler wednesday,1,0.5804673674474898,0.4195326325525101
calldine appears falcon forgot kicking net improvised one using two step ladder goal net,1,0.5804673674474898,0.4195326325525101
nbc sport edge football jag oc bigger role shenault,0,0.4573700458614054,0.5426299541385946
think there's optimism chris carson gonna play tonight seattle seahawks rapsheet,0,0.6303253420180879,0.36967465798191207
morning game snack,1,0.5404329849310465,0.4595670150689535
highlight can't stop davis mill hope contain 67 yd td pas,1,0.08899561828839542,0.9110043817116046
manzano charger hc brandon staley weather delay said hey guy going chapter book weather delay dome stadium,1,0.3114841681836006,0.6885158318163994
nfl's tv rating 17 season,1,0.14721878188692428,0.8527812181130757
game thread tennessee titan 2 1 new york jet 0 3,1,0.22228785812397545,0.7777121418760246
javonte williams v melvin gordon,0,0.7213127716084501,0.2786872283915499
charger defense held every opponent lowest point total season,0,0.2194986398288732,0.7805013601711268
sterling shepard darius slayton jabrill pepper side today training staff would think ruled later today hamstring injury appear making significant progress especially shepard we'll see,0,0.7391117383898367,0.26088826161016326
budowsky dolphin took ronnie brown aaron rodgers three year later took jake long matt ryan taking tua herbert nothing,1,0.29123998277721463,0.7087600172227854
ask doctor ppr right expected fantasy point shakedown different scoring system,0,0.8429043877066811,0.15709561229331898
player overvalue team,0,0.466665270531019,0.533334729468981
next gen stats bill belichick's decision try 56 yd fg 45 make probability instead going 52 conversion probability suboptimal decision according ng decision guide win go 34 7 win fg 24 3 recommendation go 10 3 tbvsne,1,0.5100717088273276,0.48992829117267245
official wdis flex fri morning 10 01 2021,0,0.9392252281503245,0.06077477184967552
kyed chief ruled de frank clark db charvarius ward elevated db dicaprio bootle practice squad,1,0.5804673674474898,0.4195326325525101
rapoport jaguar wr dj chark suffered fractured ankle source said indefinitely brutal injury one jacksonville best player,1,0.4694333368849668,0.5305666631150332
bronco qb teddy bridgewater uncertain recovery timeline drew lock preparing he'll start steelers week 5,0,0.6487882493262684,0.35121175067373156
evan lazar patriot downgraded db jalen mill lb ronnie perkins houston make trip,1,0.5804673674474898,0.4195326325525101
john breech jameis winston experience continues interception 72 yard td lost fumble first quarter even saint wft,1,0.35843626611448975,0.6415637338855102
urban meyer home dinner wright thompson 2012,1,0.22579900063302127,0.7742009993669787
gayle jeremiah owusu koramoah insane today enter week 5 pff's highest graded linebacker,1,0.4564134753453466,0.5435865246546534
official authority eject fan game,1,0.5719492161270598,0.4280507838729401
4 0 club represent,0,0.5804673674474898,0.4195326325525101
interesting afc north stats,1,0.5804673674474898,0.4195326325525101
slater confirm source tell cowboy tried unsuccessfully trade jaylon smith everything asked ultimately play guy like keanu neal leighton vander esch told perhaps increased use jabril cox led move bc,1,0.36604162410772145,0.6339583758922785
official fix team sat evening 10 09 2021,0,0.873046375843989,0.12695362415601094
data visualization show brown rb split hunt chubb 2020,0,0.7678693460410158,0.23213065395898425
official wdis flex sat morning 10 02 2021,0,0.9392252281503245,0.06077477184967552
hughes former jet te chris herndon 0 catch three game season douglas got fourth rounder,1,0.31468056086736296,0.685319439132637
worst week 4 roster player least 95 owned,0,0.6948725401325332,0.3051274598674668
free talk friday,1,0.5804673674474898,0.4195326325525101
weapon healthy joe burrow top 10 qb play packer missing jaire alexander za darius smith,0,0.268358119499276,0.731641880500724
yahoo fantasy continual rolling list waiver,0,0.8955880907474586,0.10441190925254139
julio aj brown week,0,0.6948725401325332,0.3051274598674668
playing two running back backfield minimize risk,0,0.5804673674474898,0.4195326325525101
hope cowboy win,1,0.5100717088273276,0.48992829117267245
official wednesday weekly trade value wed morning 10 06 2021,0,0.9392252281503245,0.06077477184967552
highlight darren walker called taunting foul,1,0.08899561828839542,0.9110043817116046
rap significant next week nfl taking another critical step toward playing regular season game germany possibly 2022 tuesday unveil 3 finalist city league say committed multiple game london season plus game mexico city,1,0.1901215633585046,0.8098784366414954
unsolicited thought zack moss,0,0.5804673674474898,0.4195326325525101
bear rb david montgomery believed avoided major knee injury,0,0.8560605493539657,0.14393945064603436
ari meirov antonio brown reached 900 career reception he's fastest player nfl history reach milestone antonio brown 143 game marvin harrison 149 game,1,0.11625056954832447,0.8837494304516755
silver player particularly put fact meyer canceled monday's team meeting dealt uproar video young woman getting cozy ohio bar 'he even canceled team meeting scared ' player said,1,0.3139522530954162,0.6860477469045838
win mean tom brady bill belichick legacy,1,0.17209531245404064,0.8279046875459594
official wdis flex sat morning 10 09 2021,0,0.9392252281503245,0.06077477184967552
trenton cannon might get significant snap rb today 49ers lot chatter niner circle sermon's ineffectiveness last week,0,0.8224373165986634,0.1775626834013366
4 game season top buy low candidate right,0,0.31468056086736296,0.685319439132637
susel kyler murray team success start season used winning feel right feel normal,1,0.4001190691500581,0.5998809308499419
qbs would want ro,0,0.5561551212464992,0.4438448787535008
nfl team could add cap gofundme,1,0.13481542493134668,0.8651845750686533
rodrigue robert wood 12 14 150 yard last night said approached sean mcvay good talk week getting involved passing game heavier involvement run game,1,0.6822285518301145,0.31777144816988545
coincidence golden tate auden tate au chemical symbol gold nfl wide receiver,1,0.19768808863753118,0.8023119113624688
indianapolis colt technically dayton triangle,1,0.5804673674474898,0.4195326325525101
think passive v active management,0,0.5804673674474898,0.4195326325525101
official wdis wr thu morning 10 07 2021,0,0.944292775977974,0.05570722402202598
highlight geno smith ball picked,1,0.03613965086400428,0.9638603491359957
yates raven rb ty son williams inactive today bronco,1,0.8282673341557201,0.17173266584427987
highlight joe burrow mic'd v jaguar can't zero blitz put hand,1,0.08899561828839542,0.9110043817116046
highlight joe burrow go taking huge shot,1,0.08899561828839542,0.9110043817116046
thursday talk thread yes that's thread name,1,0.48484773386426416,0.5151522661357358
toney golladay underrated week,0,0.6948725401325332,0.3051274598674668
ùêìùêÑ ùêòùêÉùêí ùêëùêÑùêÇùêÑùêàùêïùêàùêçùêÜ ùêìùê´ùêöùêØùê¢ùê¨ ùêäùêûùê•ùêúùêû ùüëùüèùüê darren waller 274 mark andrew 253 george kittle 227 j hockenson 215 dalton schultz 201 kyle pitt 189 dallas goedert 188 rob gronkowski 184 mike gesicki 184,0,0.5804673674474898,0.4195326325525101
nfl matchup kliff kingsbury spread offense azcardinals almost demand 5 db account speed mattbowen41 highlight k1 ability hit wr christian kirk route spite tight cover 1 man coverage,1,0.06482429932032763,0.9351757006796724
highlight theismann hilariously say danny woodhead's last name wrong deion absolutely loses point laying floor,1,0.08899561828839542,0.9110043817116046
nfl trade,0,0.19768808863753118,0.8023119113624688
whoever benched robert wood tonight thank,0,0.5804673674474898,0.4195326325525101
obi wan jakobi afc east wr,0,0.6027982336871381,0.39720176631286186
despite never leading game bengal ran 55 play tonight,0,0.42484226024947824,0.5751577397505218
ram successful long term find people named kupp,0,0.5558368408360633,0.44416315916393667
game thread new england patriot 1 3 houston texan 1 4,1,0.22228785812397545,0.7777121418760246
soooooo david montgomery going placed ir,0,0.5804673674474898,0.4195326325525101
bengal wr tee higgins looked great week play sunday per zac taylor,0,0.5122225966767197,0.48777740332328035
bear believe rb david montgomery tore acl testing today determine extent injury per source,0,0.8560605493539657,0.14393945064603436
condense expand evolution justin herbert joe lombardi charger offense,1,0.24522756500225618,0.7547724349977438
highlight kyle pitt first nfl touchdown,1,0.1988319709481916,0.8011680290518084
chance den bal qb show game,0,0.37467602485163076,0.6253239751483692
great team,1,0.2816858052387985,0.7183141947612015
cut list time let go,0,0.5593478335970632,0.44065216640293686
oc nfl standing amp point differential chart 4 week,1,0.20998610793740047,0.7900138920625995
fantasy app service suggests trade based opponent's need,0,0.8429043877066811,0.15709561229331898
eagle currently track 3 top 10 pick 2022 nfl draft,1,0.19768808863753118,0.8023119113624688
highlight zach wilson picked,1,0.08899561828839542,0.9110043817116046
calvert socialight lamar jackson written children's book,1,0.4221967728644912,0.5778032271355088
highlight pat fan booing brady come first drive,1,0.04799552005020602,0.952004479949794
week league's playoff begin,0,0.6948725401325332,0.3051274598674668
thought eli mitchell,0,0.5804673674474898,0.4195326325525101
schefter source derek carr discus contract extension la vega raider season,1,0.20081693300597359,0.7991830669940264
injury update saquon barkley ruled ankle injury,0,0.7666533559941128,0.23334664400588725
hartitz j mckissic carry inside five 10 yard line antonio gibson season,0,0.32971478312978386,0.6702852168702161
stats stats mac jones patriot completed 70 0 percent pass far year 112 160 that's highest completion percentage qb nfl history first 4 career game min 100 attempt,1,0.03620388114650808,0.9637961188534919
official sunday night football postgame thread,0,0.8943506765339421,0.1056493234660579
schefter bucs officially listing te rob gronkowski doubtful sunday night matchup v patriot,1,0.3112521419874811,0.6887478580125189
official wdis k te def fri morning 10 01 2021,0,0.9392252281503245,0.06077477184967552
schefter bucs quarterback tom brady set nfl time passing record sunday night former team need 68 yard patriot pause acknowledge stop game ceremony,1,0.00940186259321485,0.9905981374067852
travis kelce practicing josh gordon run route man like laugh i'm watching something i've never seen like poetry motion,0,0.533230216534766,0.466769783465234
4 week revisiting 5 grain preseason take,0,0.6948725401325332,0.3051274598674668
expecting week 4 performance javonte williams ty son pitt taylor,0,0.8098890336551774,0.19011096634482258
espn nfl team least analytics advanced surveyed 22 team staffer,1,0.13481542493134668,0.8651845750686533
joe mixon practice hoodie practicing though bengal,0,0.7142223186645567,0.2857776813354434
daniel wallach city st louis move sanction nfl team owner jerry jones robert kraft john mara clark hunt noncompliance court ordered discovery seek striking pleading entry default judgment,1,0.3097765503191072,0.6902234496808928
official trade mon evening 10 04 2021,0,0.9157840381120907,0.0842159618879093
urban meyer disastrous head coach hire nfl history,1,0.025265613880950277,0.9747343861190497
week 4 wr cb matchup full 50 player cb ranked 1 50 part 2,0,0.714113028991141,0.28588697100885896
nfl power ranking first quarter 21 season,1,0.14721878188692428,0.8527812181130757
fuller play sunday,0,0.5804673674474898,0.4195326325525101
viking listing rb dalvin cook questionable sunday game v cleveland,0,0.7525433437255997,0.24745665627440028
caution amari cooper,0,0.5804673674474898,0.4195326325525101
highlight charger wit da pooch punt v raider rub face even,1,0.033232919403697214,0.9667670805963028
time great db v wr match,1,0.3692156817980614,0.6307843182019386
pelissero statement jaguar owner shad khan,1,0.8067147568143438,0.19328524318565618
michael giardi mac jones 15 19 156 yard td int versus blitz tonight blitzed 47 7 pct dropbacks per nextgenstats jones hit 12 time tonight patriot,1,0.42061451476258604,0.579385485237414
49ers actually prefer rb committee examining game game rb touch distribution since 2019,0,0.6384632823740022,0.3615367176259978
highlight big ben 50 yard bomb diontae td,1,0.053173958087449846,0.9468260419125502
highlight saint fan can't make mind jameis winston,1,0.08899561828839542,0.9110043817116046
update ne kicker situation,0,0.5804673674474898,0.4195326325525101
sure handed tim patrick emerges bronco receiving pillar thanks work ethic underdog mindset,0,0.5804673674474898,0.4195326325525101
monday night gamethread week 4,0,0.6948725401325332,0.3051274598674668
ignoring trade offer,0,0.5804673674474898,0.4195326325525101
patterson rb wr eligible espn,0,0.8871648067123954,0.1128351932876046
dj moore v trevon diggs,0,0.5804673674474898,0.4195326325525101
jamison crowder missed first three game season saw five red zone target week 4 jamison crowder missed first three game season lead team five red zone target week 4,0,0.5607459398446029,0.4392540601553971
thielen's cleat today paying respect norm mcdonald,1,0.5804673674474898,0.4195326325525101
giant trade,0,0.5804673674474898,0.4195326325525101
aiyuk break week,0,0.6948725401325332,0.3051274598674668
yates washington wr terry mclaurin currently owns longest streak target without drop he's seen 190 straight target hauled 128 consecutive catch without drop routinely make difficult absurd catch player,0,0.6263499089790558,0.3736500910209442
ever made brett favre movie next year would best actor play,1,0.25431616641669186,0.7456838335833081
josh allen mic'd buffalo bills' shut win houston texan,1,0.5100717088273276,0.48992829117267245
colt rb marlon mack trade discussion what's best,0,0.6299407982118967,0.37005920178810325
bear placed rb david montgomery ir activated lb danny trevathan ir also dt akiem hick raider game,0,0.6123442215615709,0.38765577843842913
wilson new orleans saint signing running back devine ozigbo jacksonville jaguars' practice squad active roster pending physical according league source former undrafted free agent nebraska signed saint originally 2019,1,0.5549601916799654,0.44503980832003465
georgebalekji tom brady bill belichick much made relationship nothing ever accurate see lot respect coach,1,0.11287931555232911,0.8871206844476709
espn possible traded player automatically go starting line,0,0.5804673674474898,0.4195326325525101
hdk,1,0.5804673674474898,0.4195326325525101
patrick mahomes 14 tds 4 week amount 4 week 2018 mvp season,1,0.5860350267851533,0.4139649732148467
schefter lion qb jared goff named week 5 nflpa community mvp distributing 40 000 pound fresh food supply 500 food insecure family detroit,1,0.376308370205508,0.623691629794492
bengal rb joe mixon tryng walk whatever injury avail far,0,0.8816167337600002,0.11838326623999983
let talk deshaun watson situation,0,0.5804673674474898,0.4195326325525101
highlight bengal defense step stop jag 4th inch inside 1,1,0.061389585018836845,0.9386104149811632
top 5 rb target 2021 34 najee harris 29 d'andre swift 22 chase edmonds 22 cordarelle patterson 21 jeremy mcnichols,0,0.9029027129286755,0.09709728707132444
giant rb saquon barkley hobbled look like left ankle foot bench trainer,0,0.7829484993087791,0.21705150069122095
bengal rb joe mixon practice tomorrow see play sunday per zac taylor,0,0.8493033536201576,0.15069664637984234
steelers depot aaron rodgers exchange mike tomlin caught camera steelers packer,1,0.4721952898505416,0.5278047101494584
nfl week 5 prediction thread 2021 season,1,0.11812302892196291,0.8818769710780371
cimini interesting note jason_otc belief john franklin myers hold record largest contract ever signed draft pick cut original team non option year jfm drafted ram 18 cut 19 claimed jet,1,0.27487934656995705,0.725120653430043
viking rb dalvin cook practicing cbs mackensie alexander bashaud breeland back yesterday cb kris boyd te ben ellefson back field yesterday wr ihmir smith marsette,0,0.8361988250189771,0.1638011749810228
jonathan taylor target per game year zeke gibson name,0,0.35172000116826596,0.648279998831734
allen robinson,0,0.7142391782756687,0.2857608217243312
predict superbowl matchup year,1,0.3985843666450213,0.6014156333549787
official wdis k te def sun evening 10 10 2021,0,0.9157840381120907,0.0842159618879093
wr cb matchup week 5,0,0.714113028991141,0.28588697100885896
cowboy run game established one nfl best,1,0.07124516508352197,0.928754834916478
official wdis k te def fri evening 10 08 2021,0,0.9157840381120907,0.0842159618879093
honest discussion 49ers stadium,1,0.5804673674474898,0.4195326325525101
game thread denver bronco 3 1 pittsburgh steelers 1 3,1,0.24077713043749271,0.7592228695625073
team worst coaching coordinator offense far season,0,0.3289548953897885,0.6710451046102115
chris carson go ir russell wilson,0,0.6549693295339802,0.3450306704660197
stunner patriot releasing four time pro bowl cornerback stephon gilmore eligible come physically unable perform list week 6 source tell espn,0,0.35539803925723257,0.6446019607427674
injury russell wilson's finger throwing hand appears dislocated,1,0.7132704926339786,0.2867295073660215
wr cb matchup chart week 5,0,0.714113028991141,0.28588697100885896
christopher harris accuracy,0,0.6190424291829126,0.3809575708170873
team never super bowl best chance getting first ring year,1,0.17741609054083274,0.8225839094591673
highlight daniel jones 52 yard bomb bomb john ross touchdown,1,0.053173958087449846,0.9468260419125502
celebrating life mike tagliere live memorial service,0,0.5804673674474898,0.4195326325525101
official wdis wr fri evening 10 01 2021,0,0.9226451892621601,0.0773548107378399
austin ekeler,0,0.5804673674474898,0.4195326325525101
mile sander,0,0.5804673674474898,0.4195326325525101
head coach team hired made think person never last nfl person ended much better job expected also head coach assumed would sucessfull ended complete bust,1,0.06696651005944998,0.93303348994055
mueller watched juju pay woman entire cart grocery south side gianteagle find debit card sent friend check car came behind line hoody one realized paid question asked,1,0.5804673674474898,0.4195326325525101
rapaport deal official tomorrow morning jaylon smith indicated green bay want packer beef lb corp former pro bowler,1,0.8347263328874279,0.16527366711257205
official wdis k te def tue morning 10 05 2021,0,0.9392252281503245,0.06077477184967552
highlight charger called facemask,1,0.037008644830572535,0.9629913551694275
best officially full decade ny metro area nfl mlb nba nhl championship first time occurred since 1905 21,1,0.11647162140207834,0.8835283785979217
talk disappointing early round pick far,0,0.5041862958748506,0.4958137041251493
bengal rb joe mixon diagnosed low grade ankle sprain leave week week per source,0,0.9117470028091295,0.08825299719087053
yates 8 player season least 5 catch every game davante adam dj moore justin jefferson deebo samuel cooper kupp calvin ridley brandin cook hunter renfrow,1,0.27368688498186056,0.7263131150181394
cart coming taysom hill,0,0.5804673674474898,0.4195326325525101
ty'son williams thought week 4,0,0.8098890336551774,0.19011096634482258
andrew perloff end day tom brady goon tom thug want rip patriot face head win three four touchdown that's exactly he's going rodney harrison dpshow,1,0.17209531245404064,0.8279046875459594
ty son williams pain thread,0,0.6377617962001335,0.3622382037998665
per game average year nick chubb 17 3 carry 1 0 target 97 0 yard scrimmage 39 1 team red zone opportunity kareem hunt 10 8 carry 3 8 target 88 8 yard scrimmage 21 7 team red zone opportunity,0,0.15600016487932233,0.8439998351206777
highlight eagle punt fake result brian dawkins touchdown,1,0.08899561828839542,0.9110043817116046
official wdis k te def fri morning 10 08 2021,0,0.9392252281503245,0.06077477184967552
darnell mooney jerk circ full swing,0,0.5804673674474898,0.4195326325525101
mcclain watched texan next qb desmond ridder lead cincinnati victory notre dame,1,0.5288206425904295,0.4711793574095705
questionable player drop seen competitive league far,0,0.5745245226454144,0.4254754773545856
rostering latavius murray,0,0.5804673674474898,0.4195326325525101
week 5 wr cb matchup full 50 player cb ranked 1 50,0,0.714113028991141,0.28588697100885896
redditcfb urban meyer trending twitter due video wife,1,0.22579900063302127,0.7742009993669787
code red buffalo bill kansa city chief snf game tonight fall extreme criterion heavy rainfall likely impact player production 0 37 rainfall expected fall game make condition difficult player,0,0.42484226024947824,0.5751577397505218
opinion trevor lawerence like joe burrow break second year taking lump first year,1,0.353670839444042,0.646329160555958
bill bellicheck,1,0.5804673674474898,0.4195326325525101
official wdis rb sun morning 10 10 2021,0,0.9551080820898592,0.044891917910140744
guregian bruce arians said surprised bill belichick nick folk attempt 56 yard fg end arians said saw folk make 60 yarder direction warmups,1,0.44174706411073783,0.5582529358892622
week 5 wr cb matchup full 50 player cb ranked 1 50 part 2,0,0.714113028991141,0.28588697100885896
best team rarely super bowl 2000s,1,0.3104763265370907,0.6895236734629093
panther running back christian mccaffrey hamstring today made trip dallas there's chance could return next week maybe likely two week he's field going stretching routine,0,0.6948725401325332,0.3051274598674668
ram st get point last night blocked punt,0,0.5558368408360633,0.44416315916393667
tom brady used play patriot,1,0.21645436194454226,0.7835456380554577
official fix team thu evening 10 07 2021,0,0.873046375843989,0.12695362415601094
diggs top 5 wr ro,0,0.6027982336871381,0.39720176631286186
highlight tom brady get sacked matt judon 8 yard loss,1,0.0216631846423061,0.9783368153576939
game thread kansa city chief 1 2 philadelphia eagle 1 2,1,0.24077713043749271,0.7592228695625073
highlight kyle pitt go deep,1,0.08899561828839542,0.9110043817116046
last week explored playoff odds change record week determine important week's matchup tldr closer 500 important week's matchup peaking week 13 getting 8 5 v 7 6 change playoff odds 53,0,0.6948725401325332,0.3051274598674668
si apparent video urban meyer getting danced woman bar going viral,1,0.22579900063302127,0.7742009993669787
jamison crowder expected play looking good saleh say,0,0.5804673674474898,0.4195326325525101
highlight zach wilson picked jaylinn hawkins,1,0.08899561828839542,0.9110043817116046
official fix team fri evening 10 08 2021,0,0.873046375843989,0.12695362415601094
sport book brady belichick showdown heavily bet game,1,0.12852449583942782,0.8714755041605722
logan thomas hamstring questionable,0,0.6766278621697677,0.3233721378302324
lions' d'andre swift track play week 4,0,0.6948725401325332,0.3051274598674668
league member passed away,0,0.5804673674474898,0.4195326325525101
what's bold prediction week 4,0,0.6948725401325332,0.3051274598674668
pete carroll call wilson's injury badly sprained finger we've got figure '',0,0.7132704926339786,0.2867295073660215
pft tom brady surpasses brett favre sacked quarterback nfl history profootballtalk,1,0.07657847379915594,0.9234215262008441
official simple question league issue thu evening 10 07 2021,0,0.9157840381120907,0.0842159618879093
nfl twitter tom brady antonio brown connect gobucs,1,0.12856902580732876,0.8714309741926712
greatest suprise nfl playoff superbowl upset remember team people thought chance ended knocking favored team,1,0.13481542493134668,0.8651845750686533
raider wr taking gamble,0,0.5758144259351778,0.42418557406482216
overrating dallas pas catcher season,0,0.4623940583084447,0.5376059416915553
brandon staley strong contention coty success first year coach would winning superbowl first year take cake,1,0.2338712862835286,0.7661287137164714
joe mixon 3 reception 6 yard last 3 game 17 game pace including week 1 30 reception 123 receiving yard,0,0.794998047436716,0.205001952563284
football medium going infinitely better tb v ne game,1,0.31033503058537637,0.6896649694146236
lamar jackson would 2019 nfl mvp without leg,1,0.11514199042224615,0.8848580095777538
next coach jacksonville,1,0.38923715466435505,0.610762845335645
official fix team sun morning 10 03 2021,0,0.907177685676808,0.09282231432319202
cowabunga bad word espn fantasy,0,0.8429043877066811,0.15709561229331898
burrow herbert closeness,1,0.49841310432689945,0.5015868956731006
new york giant daniel jones named nfc offensive player week,1,0.6723954115069716,0.3276045884930284
trey sermon droppable,0,0.5804673674474898,0.4195326325525101
bobby tree excellent game tomorrow holding setup sell high,0,0.42484226024947824,0.5751577397505218
matthew berry twitter cook left field working start doubt,0,0.6076395641841049,0.3923604358158951
tonyan cooked,0,0.5804673674474898,0.4195326325525101
espn stats amp info trey lance 4th youngest qb make 1st career start super bowl era since 1966 1 day younger alex smith 1st career start 49ers smith threw 0 td 4 int 28 3 loss colt oct 9 2005,1,0.2441867211566332,0.7558132788433668
next expansion imagining structure 36 team nfl,1,0.13481542493134668,0.8651845750686533
stream consciousness week 5 discussion checklist top pick st kicker,0,0.6948725401325332,0.3051274598674668
49ers te george kittle officially active rb elijah mitchell inactive san francisco's available rb trey sermon jacques patrick trenton cannon,0,0.7678693460410158,0.23213065395898425
espn really find anyone better dan orlovsky,1,0.5804673674474898,0.4195326325525101
oc bill belichick tried fool tom brady film breakdown belichick constantly rushed 3 bumped tampa receiver lb sent exotic blitz,1,0.535557374081886,0.46444262591811397
another team's lowlight can't stand watch,1,0.466665270531019,0.533334729468981
anyone worried russel wilson ram,0,0.5558368408360633,0.44416315916393667
rapoport jaguar coach urban meyer addressed full team today express remorse responsibility action weekend source said,1,0.05577969535726213,0.9442203046427379
handle multiple player team lineup,0,0.466665270531019,0.533334729468981
evan engram rostered player fantasy football opportunity knocking,0,0.8429043877066811,0.15709561229331898
borischen co week 5 tier,0,0.6948725401325332,0.3051274598674668
kenny golladay better amari cooper best wide receiver nfc east,1,0.4158910733987906,0.5841089266012094
titans' aj brown say snap count today wanted snap say he's quite 100 percent yet,0,0.5804673674474898,0.4195326325525101
stevens great news jerry jeudy moving around well enough dance little bit,0,0.3677567894051237,0.6322432105948763
patriot injury update rb damien harris chest questionable return,0,0.9176639703311211,0.08233602966887893
cordarrelle patterson value,0,0.7498907390840837,0.25010926091591634
worth rb elijah mitchell first line starting offense final warmups mitchell back shoulder injury week,0,0.865962254900646,0.13403774509935398
olinestats stand rodney hudson nfl line player started every game allowed pressure season also yet allow sack tfl,1,0.08438534109219697,0.915614658907803
mid season name change guy consider kosher change team name swap drop player served inspiration assuming every competent owner sub player pun team name,0,0.6576643668606713,0.3423356331393287
patrick daugherty russell wilson chris carson held team back long,1,0.5455547744964839,0.45444522550351607
shout andrew thomas playing like legit franchise lt season,1,0.42885993753308904,0.571140062466911
darnell mooney become bears' wr1,0,0.5804673674474898,0.4195326325525101
zimmer think dalvin cook's ankle reason minnesota struggled generate ground game think issue came game one time little gimpy took said good went back,0,0.6484845882791491,0.3515154117208509
bold prediction week 4,0,0.6948725401325332,0.3051274598674668
prime chad johnson prime brandon marshall prime demaryius thomas,1,0.5804673674474898,0.4195326325525101
start sits week 4,0,0.6948725401325332,0.3051274598674668
official wdis wr fri morning 10 01 2021,0,0.944292775977974,0.05570722402202598
highlight ben roethlisberger strip sacked denver recovers,1,0.08899561828839542,0.9110043817116046
nickelodeon congrats week 4 nflslimetime nvp dak prescott dallascowboys,1,0.6948725401325332,0.3051274598674668
dk metcalf manager concern foot issue,0,0.5804673674474898,0.4195326325525101
fairest trade seen season,0,0.4623940583084447,0.5376059416915553
worst fantasy player rostered holding,0,0.8429043877066811,0.15709561229331898
carolina defense actually good rush,0,0.5804673674474898,0.4195326325525101
arizona wr 4 game conveniently ordered receiving yard green 15 248 2 24 target kirk 16 244 2 18 target hopkins 17 225 3 25 target moore 16 211 1 18 target,0,0.400937417066076,0.599062582933924
wright waiver week five,0,0.8302855421894048,0.16971445781059522
last twenty dolphin game tua play one quarter 7 3 play le one quarter 4 6,1,0.42484226024947824,0.5751577397505218
weinfuss one undefeated team left nfl arizona cardinal,1,0.13481542493134668,0.8651845750686533
schefter former cowboy lb jaylon smith officially reached agreement morning one year deal green bay packer per source,1,0.11221933664089667,0.8877806633591033
le'veon bell staying practice squad week,0,0.6948725401325332,0.3051274598674668
tennessee receiver pickup aj julio,0,0.5804673674474898,0.4195326325525101
london game,0,0.42484226024947824,0.5751577397505218
official trade fri evening 10 08 2021,0,0.9157840381120907,0.0842159618879093
guy dropping ty'son,0,0.5804673674474898,0.4195326325525101
russel wilson,0,0.5804673674474898,0.4195326325525101
tom brady passed drew brees time passing yard,1,0.14089809710930334,0.8591019028906967
official wdis qb fri evening 10 01 2021,0,0.8981754620019377,0.10182453799806232
start sits sleeper advice week 4,0,0.6948725401325332,0.3051274598674668
highlight justin field continues hot today hit allen robinson huge throw,1,0.1500013932963722,0.8499986067036278
mike reiss tom brady 114 1 leading 3 quarter gillette stadium loss 2017 week 1 v chief,1,0.3125675394644526,0.6874324605355474
todd archer reminder cowboy could cut jaylon smith offseason wrist surgery 2020 season $7.2 fully guaranteed,1,0.31845550902423625,0.6815444909757638
garafolo urban meyer fly back home jaguars' plane thought time chance everybody clear head including,1,0.21109079656135332,0.7889092034386467
waiver period end time,0,0.7316812162643667,0.26831878373563334
raider loved la,1,0.5530912378902285,0.4469087621097715
player switched midgame nfl app wtf,0,0.19768808863753118,0.8023119113624688
v1per's week 5 survivor eliminator pick,0,0.6948725401325332,0.3051274598674668
patterson london,0,0.7498907390840837,0.25010926091591634
official fix team sat morning 10 02 2021,0,0.907177685676808,0.09282231432319202
many current qbs make throw,1,0.5561551212464992,0.4438448787535008
mac jones comparable qb trevor lawrence year,1,0.3496338949795299,0.6503661050204701
brown qb baker mayfield wearing shoulder harness play suffered partially torn labrum left shoulder sept 19 v texan source say surgery needed listed report injury missed practice snap,0,0.6145623333502929,0.38543766664970713
b r charger head coach brandon staley talk run game important,1,0.10010840443458036,0.8998915955654196
best philip river mic'd v raider y'all think that's good blitz,1,0.38907837872585127,0.6109216212741487
gehlken cowboy cb trevon diggs becomes first player franchise history record interception team's first four game season,1,0.20090131192495242,0.7990986880750476
mike davis owner week,0,0.8618485499038769,0.13815145009612306
official wdis rb sat morning 10 09 2021,0,0.9551080820898592,0.044891917910140744
tom brady become 4th qb nfl history beat 32 team,1,0.047604698489644215,0.9523953015103558
ty hilton outlook,0,0.5804673674474898,0.4195326325525101
breakdown every rosterable nfl player ever played london game start em,0,0.11625056954832447,0.8837494304516755
9news sport denver watch bronco sideline enraged raven decided run ball final play game rather take knee,1,0.30843952463611535,0.6915604753638847
official add drop fri morning 10 08 2021,0,0.9392252281503245,0.06077477184967552
redditcfb urban meyer trending twitter due video wife,1,0.22579900063302127,0.7742009993669787
dov kleiman according jayglazer tom brady specifically asked patriot make brief pause break time passing yard record big ceremony like drew brees saint,1,0.12801602580546423,0.8719839741945358
highlight trevor lawrence corner end zone duuuval,1,0.08899561828839542,0.9110043817116046
guy week 1 hot take looking 4 week season,1,0.5860350267851533,0.4139649732148467
bronco qb teddy bridgewater progressing concussion protocol feeling better expected practice today source said drew lock take first team rep,0,0.48393790894078725,0.5160620910592127
official wdis rb fri evening 10 01 2021,0,0.9373845930843625,0.06261540691563751
what's strategy lance garoppolo 2qb superflex league,0,0.5804673674474898,0.4195326325525101
anyone also holding chubb hunt stack rb combo thinking,0,0.7678693460410158,0.23213065395898425
dolphin sending wr jakeem grant bear 2023 sixth rounder per source,0,0.6027982336871381,0.39720176631286186
nfl cordarrelle patterson third td beauty ceeflashpee84 dirtybirds,1,0.23829936206675206,0.7617006379332479
consolidated week 5 waiver wire ranking,0,0.8302855421894048,0.16971445781059522
deadspin tua bust kind go display canton injured playing mediocre football,1,0.4573700458614054,0.5426299541385946
jeff wilson timeline,0,0.5804673674474898,0.4195326325525101
former jaguar tight end praying urban meyer amid 'heartbreaking' bar scandal,1,0.22579900063302127,0.7742009993669787
derrick henry usage,0,0.4299751761649363,0.5700248238350637
official fix team fri morning 10 08 2021,0,0.907177685676808,0.09282231432319202
talented quarterback entering draft 1st round would want drafted,1,0.41056360049688756,0.5894363995031124
official monday night football postgame thread,0,0.8943506765339421,0.1056493234660579
key fantasy football wr wide matchup week 4,0,0.9032413142293341,0.0967586857706659
trask urban meyer's abandonment jaguar duty real issue,1,0.22579900063302127,0.7742009993669787
49ers te george kittle listed questionable sunday due calf injury play v seahawks per source,0,0.7944953651142239,0.20550463488577606
watching terrible season,1,0.4623940583084447,0.5376059416915553
meinke pro bowl center frank ragnow placed injured reserve first time career yet another blow detroit,0,0.5593478335970632,0.44065216640293686
hall famer end career micah parson lawrence taylor serious,1,0.5804673674474898,0.4195326325525101
official wdis k te def wed morning 10 06 2021,0,0.9392252281503245,0.06077477184967552
game thread detroit lion 0 3 chicago bear 1 2,1,0.24077713043749271,0.7592228695625073
week 4 start sits sleeper,0,0.6948725401325332,0.3051274598674668
ben baby bengal qb joe burrow named afc offensive player week,1,0.6487882493262684,0.35121175067373156
klis courtland sutton playing playing today looked good pregame test 9sports,0,0.5804673674474898,0.4195326325525101
injury update saquon barkley questionable return ankle injury,0,0.8135280458664504,0.18647195413354958
schefter bucs te rob gronkowski suffered multiple fractured rib last sunday threaten sideline multiple week source tell espn,0,0.42654408163892144,0.5734559183610786
mile sander owner putting faith boobie one time,0,0.7852264261270234,0.21477357387297658
fan complain owner favorite team worst two group score bonusfinder ranked owner here's plot showing ranking worst owner upper right plot best owner lower left plot,1,0.5646310599516113,0.4353689400483887
winningest punter time,1,0.5593478335970632,0.44065216640293686
te replacing gronk,0,0.5804673674474898,0.4195326325525101
oc four rookie quarterback starting compare previous first round quarterback first four game,1,0.18190493274095187,0.8180950672590481
highlight kyler murray back foot christian kirk big gain 4th 5 keep drive alive,1,0.061389585018836845,0.9386104149811632
vic tafur twitter raider head back locker room weather delay,0,0.5530912378902285,0.4469087621097715
top 5 qbs order ro,0,0.5561551212464992,0.4438448787535008
kyle pitt still given,0,0.5804673674474898,0.4195326325525101
penei sewell play good enough,1,0.5804673674474898,0.4195326325525101
kleiman also noteworthy bucs front recent instagram follows gilmore bruce arians jason licht,1,0.2674645687772189,0.7325354312227811
schefter russell wilson's doctor believe seattle seahawks qb realistic chance return four week per source,0,0.3514687397899017,0.6485312602100983
keep geno smith last drive 5 5 72 yard td,1,0.28568626864556523,0.7143137313544348
lazar along gronk bucs also ruled jason pierre paul jpp make trip,1,0.5804673674474898,0.4195326325525101
'experts' low dallas st,0,0.5804673674474898,0.4195326325525101
highlight brady pass drew brees career pas yard history nfl,1,0.031168004974109764,0.9688319950258902
qb playing worse year matt ryan big ben,1,0.2798591815234992,0.7201408184765008
schefter packer awaiting decision whether standout cb jaire alexander need season ending surgery per source,1,0.1537224677481852,0.8462775322518148
colt officially placed pro bowl guard quenton nelson injured reserve,0,0.5804673674474898,0.4195326325525101
david montgomery trade value,0,0.5804673674474898,0.4195326325525101
official fix team sat evening 10 02 2021,0,0.873046375843989,0.12695362415601094
dirocco urban meyer said earn player trust back said gotten 8 10 phone call player last several day supportive,1,0.22579900063302127,0.7742009993669787
tom brady completes double pas catching pas week 11,1,0.3125675394644526,0.6874324605355474
siciliano urban meyer say fined owner shad khan say discussed staying ohio gm trent baalke way advance,1,0.25817397946536413,0.7418260205346359
rb antonio gibson wr curtis samuel active,0,0.7839380968935111,0.2160619031064889
cardinal rb chase edmonds shoulder te maxx williams shoulder active today v 49ers,0,0.855934700223272,0.14406529977672802
silver one player told 'he zero credibility stadium little begin ',1,0.5804673674474898,0.4195326325525101
many mahomes tds actually shovel pass,1,0.5804673674474898,0.4195326325525101
anderson understanding sfa cb stephon gilmore set earn $7 base salary season looking earn least $15 year open market several team look bolster secondary attrition already kicking week 5,1,0.11139405292823645,0.8886059470717635
let hear favorite fantasy pick time,0,0.8311532001679223,0.16884679983207768
wft rb antonio gibson listed questionable sunday due shin injury expected play v falcon barring pregame setback per source,0,0.8876080826780557,0.11239191732194428
bear rb damien williams suffered thigh bruise week 4 ok source confirmed david montgomery 4 5 week per dangrazianoespn here's look bears' running back depth chart damien williams khalil herbert ryan nall practice squad,0,0.9089028689069839,0.09109713109301606
te waiver move week 5 updated rest season te ranking week 5 ranking included coop fantasy alarm,0,0.9340555711316788,0.06594442886832122
england people popular football play,1,0.4573700458614054,0.5426299541385946
official wdis wr sat evening 10 09 2021,0,0.9226451892621601,0.0773548107378399
official wdis wr sun morning 10 03 2021,0,0.944292775977974,0.05570722402202598
rapoport raider veteran te derek carrier headed injured reserve torn pec suffered last week source said season ending injury hit la vega depth,1,0.2147124515519918,0.7852875484480082
brett kollmann think ruined panther,1,0.5804673674474898,0.4195326325525101
high ceedee lamb,0,0.5804673674474898,0.4195326325525101
official wdis wr sun evening 10 03 2021,0,0.9226451892621601,0.0773548107378399
schefter raider qb derek carr discus contract extension la vega raider season,1,0.1693166423843654,0.8306833576156346
raven week 4 rb opportunity latavius 18 le veon 5 freeman 1 ty son healthy scratch,0,0.7899158283675464,0.21008417163245366
los angeles ram elevated running back buddy howell playstation szn,0,0.5558368408360633,0.44416315916393667
jonathan taylor,0,0.5804673674474898,0.4195326325525101
highlight aaron rodgers' first career start threw ridiculous touchdown pas 2008 v viking,1,0.08899561828839542,0.9110043817116046
worry robert wood,0,0.5804673674474898,0.4195326325525101
pff highest passer rating blitzed kyler 158 3 wilson 148 1 mahomes 137 2,1,0.3378038700735768,0.6621961299264232
16 team double digit number player injury report week titan lead 23,1,0.6265342394379166,0.37346576056208336
matt ryan becomes seventh quarterback nfl history 5 000 completion pass eli manning 8th time passing yard,1,0.05141255225850505,0.948587447741495
waddle waddle waddle,0,0.5804673674474898,0.4195326325525101
highlight j herbert pas short middle parham 4 yard touchdown charger,1,0.017659940061950263,0.9823400599380497
reddit adjusted trade value week 5 mixon mixoff,0,0.8071508426437424,0.19284915735625768
good joe mixon played 40 55 snap 11 53 1 second half good mixon played 3 9 third snap third amp short two target game,0,0.5957560404179365,0.4042439595820635
anybody else firing pat tonight,0,0.5804673674474898,0.4195326325525101
kleiman rob gronkowski 4 cracked rib one broken punctured lung according jayglazer,1,0.5804673674474898,0.4195326325525101
ram tonight's sack aaron donald time sack leader rams' history,1,0.5344717894728284,0.46552821052717164
highlight mahomes find fortsun td chief extends lead,1,0.08899561828839542,0.9110043817116046
would lesean mccoy 1st team decade old format,1,0.466665270531019,0.533334729468981
faab weekly consensus thread week 4,0,0.6077058301554054,0.39229416984459464
raven oc greg roman running back pecking order like slightly different style starting learn one,0,0.533230216534766,0.466769783465234
silver said one player urban meyer's apology woman video 'we looked like wtf right left everyone started dying laughing knew ',1,0.1940725783836147,0.8059274216163853
dawson knox might actual te1,0,0.5804673674474898,0.4195326325525101
tom brady tampa bay buccaneer defeat new england patriot tomorrow brady become fourth quarterback time get quarterback win every current nfl team,1,0.031598556759208085,0.9684014432407919
reid say chief josh gordon play week add he's good shape 'knocking rust off',0,0.6948725401325332,0.3051274598674668
baldwin nfl team good pas protection pas block win rate pff grade tell different story graph,1,0.048208514475563735,0.9517914855244363
